Nom,Prénom,Email,Ville,Pays
Sanchez,Clément,clement@sanchez.fr,Aix-en-Provence,France
Solignac,Gauthier,gauthier@solignac.ovh,Lille,France
Taniel,Rémi,remi@taniel.fr,Tokyo,Japan
Leemans,William,william@leemans.fr,Pinte,Belgique
Da costa veiga,Adrien,adrien@dacostaveiga.fr,Lisbonne,Portugal
Berkhout,Théo,theo-berkhout.fr,Amsterdam,Netherlands
